Time stamp,Location name,parameter1 (pm1),parameter2 (pm10),parameter3 (pm25),parameter4 (relativehumidity),parameter5 (temperature),parameter6 (um003),Jumlah Kasus
week2_7,singapore,14.458473958553963,23.750459143739707,21.57342748534143,72.69652203456101,30.318572148147034,2842.8231616672624,
week4_7,singapore,15.184507179793924,24.8682422869192,22.600612948548683,70.02824947768647,29.733560791345763,2995.6886594326006,
week2_8,singapore,10.735611290553292,16.69136788224181,15.670628660832321,52.74099963087785,29.555489748402646,2074.3834119662906,
week4_8,singapore,15.297709044542714,25.118291834785353,22.746649479026235,54.80275635702914,28.79696736630705,3025.43090912075,
